{
  "spearman_MATH_budget_acc": {
    "rho": 0.2119676909921893,
    "p": 1.9134473865555285e-05
  },
  "spearman_GSM8K_budget_acc": {
    "rho": 0.0,
    "p": 1.0
  },
  "spearman_MMLU-Pro_budget_acc": {
    "rho": 0.11980654879961608,
    "p": 0.016517622980014187
  },
  "spearman_MuSR_budget_acc": {
    "rho": 0.14993939465712613,
    "p": 0.0029939439178059885
  },
  "prop_test_MATH_no_cot_vs_medium": {
    "diff": 0.23749999999999993,
    "z": 3.1368557049693844,
    "p": 0.0017077014937258994,
    "n": 80
  },
  "prop_test_MATH_medium_vs_unconstrained": {
    "diff": 0.07500000000000007,
    "z": 1.0820035616009198,
    "p": 0.2792509453687373,
    "n": 80
  },
  "prop_test_GSM8K_no_cot_vs_medium": {
    "diff": -0.025000000000000022,
    "z": -0.5601120336112045,
    "p": 0.5754030229127531,
    "n": 80
  },
  "prop_test_GSM8K_medium_vs_unconstrained": {
    "diff": 0.03749999999999998,
    "z": 0.8701136660219206,
    "p": 0.3842382900638548,
    "n": 80
  },
  "prop_test_MMLU-Pro_no_cot_vs_medium": {
    "diff": 0.125,
    "z": 1.7213259316477407,
    "p": 0.08519169643587943,
    "n": 80
  },
  "prop_test_MMLU-Pro_medium_vs_unconstrained": {
    "diff": 0.03749999999999998,
    "z": 0.5630638961280088,
    "p": 0.573391375066092,
    "n": 80
  },
  "prop_test_MuSR_no_cot_vs_medium": {
    "diff": 0.038461538461538464,
    "z": 0.7356962934781384,
    "p": 0.46191554585896055,
    "n": 78
  },
  "prop_test_MuSR_medium_vs_unconstrained": {
    "diff": 0.0641025641025641,
    "z": 1.0619884881071828,
    "p": 0.28824091133607554,
    "n": 78
  },
  "conf_acc_corr_MATH": {
    "rho": 0.6329361850251749,
    "p": 3.657655038530374e-46
  },
  "conf_acc_corr_GSM8K": {
    "rho": 0.3044262903189725,
    "p": 5.046285819795865e-10
  },
  "conf_acc_corr_MMLU-Pro": {
    "rho": 0.3011868234341148,
    "p": 7.835400061411098e-10
  },
  "conf_acc_corr_MuSR": {
    "rho": -0.016823957261629854,
    "p": 0.7404907682686142
  },
  "robustness_gap_summary": {
    "GSM8K": {
      "no_cot": -0.4625,
      "short": -0.3125,
      "medium": -0.20000000000000007,
      "long": -0.19999999999999996,
      "unconstrained": -0.16249999999999998
    },
    "MMLU-Pro": {
      "no_cot": -0.16249999999999998,
      "short": -0.09999999999999998,
      "medium": -0.050000000000000044,
      "long": -0.0625,
      "unconstrained": -0.012499999999999956
    },
    "MuSR": {
      "no_cot": 0.3599358974358975,
      "short": 0.5737179487179487,
      "medium": 0.558974358974359,
      "long": 0.49455128205128207,
      "unconstrained": 0.5698717948717948
    }
  }
}